run_date,ticker,type,option_type,direction,expiration,spot_at_scan,long_strike,short_strike,low_strike,mid_strike,high_strike,strike,call_strike,put_strike,net_cost,max_profit,prob_profit,ev,graded,actual_spot_at_exp,actual_payoff,actual_pnl,win
2026-07-07,AAPL,Debit Vertical,call,bullish,2026-08-21,310.6600036621094,330.0,335.0,,,,,,,1.4500000000000002,3.55,0.22262180327051384,-0.3368909836474311,no,,,,
2026-07-07,AAPL,Debit Vertical,call,bullish,2026-08-21,310.6600036621094,335.0,340.0,,,,,,,1.1900000000000004,3.8099999999999996,0.17638760088510502,-0.3080619955744752,no,,,,
2026-07-07,AAPL,Butterfly Pin,call,neutral,2026-08-21,310.6600036621094,,,295.0,300.0,305.0,,,,1.6500000000000057,3.3499999999999943,0.08496041722083703,-1.2251979138958204,no,,,,
2026-07-07,AAPL,Butterfly Pin,call,neutral,2026-08-21,310.6600036621094,,,300.0,305.0,310.0,,,,1.5,3.5,0.09218517265532478,-1.0390741367233762,no,,,,
2026-07-07,AAPL,Butterfly Pin,call,neutral,2026-08-21,310.6600036621094,,,305.0,310.0,315.0,,,,1.3499999999999979,3.650000000000002,0.09761048221064633,-0.8619475889467664,no,,,,
2026-07-07,AAPL,Butterfly Pin,call,neutral,2026-08-21,310.6600036621094,,,310.0,315.0,320.0,,,,1.0,4.0,0.10540428742776009,-0.47297856286119955,no,,,,
2026-07-07,AAPL,Butterfly Pin,call,neutral,2026-08-21,310.6600036621094,,,315.0,320.0,325.0,,,,0.9500000000000011,4.049999999999999,0.10163116102052255,-0.4418441948973884,no,,,,
2026-07-07,AAPL,Butterfly Pin,call,neutral,2026-08-21,310.6600036621094,,,320.0,325.0,330.0,,,,0.8000000000000007,4.199999999999999,0.09726320221041351,-0.31368398894793315,no,,,,
2026-07-07,AAPL,Butterfly Pin,call,neutral,2026-08-21,310.6600036621094,,,325.0,330.0,335.0,,,,0.8000000000000007,4.199999999999999,0.08692254643895786,-0.3653872678052114,no,,,,
2026-07-07,AAPL,Butterfly Pin,call,neutral,2026-08-21,310.6600036621094,,,330.0,335.0,340.0,,,,0.79,4.21,0.075524449886547,-0.412377750567265,no,,,,
2026-07-07,CMCSA,Butterfly Pin,call,neutral,2026-08-21,23.40999984741211,,,23.0,24.0,25.0,,,,0.29000000000000004,0.71,0.16547779719704403,-0.12452220280295599,no,,,,
2026-07-07,FXI,Butterfly Pin,call,neutral,2026-08-21,32.4900016784668,,,33.0,34.0,35.0,,,,0.33000000000000007,0.6699999999999999,0.16243591262738422,-0.16756408737261586,no,,,,
2026-07-07,GLD,Debit Vertical,call,bullish,2026-08-21,377.489990234375,395.0,400.0,,,,,,,1.6499999999999995,3.3500000000000005,0.2510307009985113,-0.39484649500744284,no,,,,
2026-07-07,GLD,Debit Vertical,call,bullish,2026-08-21,377.489990234375,400.0,405.0,,,,,,,1.25,3.75,0.207481713848496,-0.21259143075751996,no,,,,
2026-07-07,GLD,Debit Vertical,call,bullish,2026-08-21,377.489990234375,405.0,410.0,,,,,,,1.0499999999999998,3.95,0.16922535006157724,-0.20387324969211362,no,,,,
2026-07-07,GLD,Debit Vertical,call,bullish,2026-08-21,377.489990234375,410.0,415.0,,,,,,,0.8600000000000003,4.14,0.13647936107846304,-0.17760319460768514,no,,,,
2026-07-07,GLD,Butterfly Pin,call,neutral,2026-08-21,377.489990234375,,,370.0,375.0,380.0,,,,1.3500000000000014,3.6499999999999986,0.09598599274780922,-0.8700700362609552,no,,,,
2026-07-07,GLD,Butterfly Pin,call,neutral,2026-08-21,377.489990234375,,,375.0,380.0,385.0,,,,1.2999999999999972,3.700000000000003,0.09674514644417237,-0.8162742677791354,no,,,,
2026-07-07,GLD,Butterfly Pin,call,neutral,2026-08-21,377.489990234375,,,380.0,385.0,390.0,,,,1.1999999999999993,3.8000000000000007,0.09560244540803187,-0.7219877729598401,no,,,,
2026-07-07,GLD,Butterfly Pin,call,neutral,2026-08-21,377.489990234375,,,385.0,390.0,395.0,,,,1.0999999999999996,3.9000000000000004,0.09148431709121674,-0.642578414543916,no,,,,
2026-07-07,GLD,Butterfly Pin,call,neutral,2026-08-21,377.489990234375,,,390.0,395.0,400.0,,,,0.9000000000000004,4.1,0.0871812431073608,-0.46409378446319627,no,,,,
2026-07-07,GLD,Butterfly Pin,call,neutral,2026-08-21,377.489990234375,,,395.0,400.0,405.0,,,,0.9499999999999993,4.050000000000001,0.07600687694619057,-0.5699656152690464,no,,,,
2026-07-07,GLD,Butterfly Pin,call,neutral,2026-08-21,377.489990234375,,,400.0,405.0,410.0,,,,0.75,4.25,0.06878746260637081,-0.40606268696814596,no,,,,
2026-07-07,GLD,Butterfly Pin,call,neutral,2026-08-21,377.489990234375,,,405.0,410.0,415.0,,,,0.6499999999999995,4.3500000000000005,0.05959169828817079,-0.3520415085591455,no,,,,
2026-07-07,GOOG,Butterfly Pin,call,neutral,2026-08-21,363.6199951171875,,,385.0,390.0,395.0,,,,1.4000000000000021,3.599999999999998,0.047640163040912065,-1.1617991847954419,no,,,,
2026-07-07,GOOGL,Butterfly Pin,call,neutral,2026-08-21,367.0299987792969,,,375.0,380.0,385.0,,,,1.5500000000000007,3.4499999999999993,0.05263892078955251,-1.286805396052238,no,,,,
2026-07-07,GOOGL,Butterfly Pin,call,neutral,2026-08-21,367.0299987792969,,,380.0,385.0,390.0,,,,1.3499999999999979,3.650000000000002,0.05300692799972506,-1.0849653600013724,no,,,,
2026-07-07,GOOGL,Butterfly Pin,call,neutral,2026-08-21,367.0299987792969,,,390.0,395.0,400.0,,,,1.4999999999999964,3.5000000000000036,0.04460332078419771,-1.2769833960790078,no,,,,
2026-07-07,IWM,Debit Vertical,call,bullish,2026-08-21,296.19000244140625,310.0,315.0,,,,,,,1.2500000000000002,3.75,0.2071214512520086,-0.21439274373995731,no,,,,
2026-07-07,IWM,Debit Vertical,call,bullish,2026-08-21,296.19000244140625,315.0,320.0,,,,,,,0.8399999999999999,4.16,0.14250406098347768,-0.12747969508261148,no,,,,
2026-07-07,IWM,Debit Vertical,call,bullish,2026-08-21,296.19000244140625,320.0,325.0,,,,,,,0.5299999999999999,4.47,0.09280685570391378,-0.065965721480431,no,,,,
2026-07-07,IWM,Butterfly Pin,call,neutral,2026-08-21,296.19000244140625,,,270.0,275.0,280.0,,,,0.7100000000000009,4.289999999999999,0.10351855872862425,-0.19240720635687963,no,,,,
2026-07-07,IWM,Butterfly Pin,call,neutral,2026-08-21,296.19000244140625,,,275.0,280.0,285.0,,,,0.6799999999999997,4.32,0.12226288301082278,-0.06868558494588584,no,,,,
2026-07-07,IWM,Butterfly Pin,call,neutral,2026-08-21,296.19000244140625,,,280.0,285.0,290.0,,,,0.6900000000000048,4.309999999999995,0.13937283848730886,0.006864192436539462,no,,,,
2026-07-07,IWM,Butterfly Pin,call,neutral,2026-08-21,296.19000244140625,,,285.0,290.0,295.0,,,,0.75,4.25,0.15204214639914637,0.010210731995731859,no,,,,
2026-07-07,IWM,Butterfly Pin,call,neutral,2026-08-21,296.19000244140625,,,290.0,295.0,300.0,,,,0.7399999999999984,4.260000000000002,0.1612637800981333,0.06631890049066813,no,,,,
2026-07-07,IWM,Butterfly Pin,call,neutral,2026-08-21,296.19000244140625,,,295.0,300.0,305.0,,,,0.7199999999999971,4.280000000000003,0.1619051968717451,0.08952598435872838,no,,,,
2026-07-07,IWM,Butterfly Pin,call,neutral,2026-08-21,296.19000244140625,,,300.0,305.0,310.0,,,,0.6799999999999997,4.32,0.1522132357341202,0.08106617867060129,no,,,,
2026-07-07,IWM,Butterfly Pin,call,neutral,2026-08-21,296.19000244140625,,,305.0,310.0,315.0,,,,0.5499999999999998,4.45,0.13532428440836358,0.1266214220418181,no,,,,
2026-07-07,IWM,Butterfly Pin,call,neutral,2026-08-21,296.19000244140625,,,310.0,315.0,320.0,,,,0.5100000000000002,4.49,0.10876287585980038,0.03381437929900172,no,,,,
2026-07-07,IWM,Butterfly Pin,call,neutral,2026-08-21,296.19000244140625,,,315.0,320.0,325.0,,,,0.3999999999999999,4.6,0.08203500107789441,0.01017500538947208,no,,,,
2026-07-07,JPM,Debit Vertical,call,bullish,2026-08-21,339.2200012207031,360.0,365.0,,,,,,,1.35,3.65,0.20518196028859725,-0.3240901985570137,no,,,,
2026-07-07,JPM,Debit Vertical,call,bullish,2026-08-21,339.2200012207031,365.0,370.0,,,,,,,1.4900000000000002,3.51,0.15526956720815216,-0.7136521639592395,no,,,,
2026-07-07,JPM,Butterfly Pin,call,neutral,2026-08-21,339.2200012207031,,,345.0,350.0,355.0,,,,1.5500000000000007,3.4499999999999993,0.08640935239716596,-1.117953238014171,no,,,,
2026-07-07,JPM,Butterfly Pin,call,neutral,2026-08-21,339.2200012207031,,,350.0,355.0,360.0,,,,1.0,4.0,0.09150611173217582,-0.5424694413391209,no,,,,
2026-07-07,JPM,Butterfly Pin,call,neutral,2026-08-21,339.2200012207031,,,355.0,360.0,365.0,,,,1.3000000000000007,3.6999999999999993,0.07473501896062501,-0.9263249051968755,no,,,,
2026-07-07,JPM,Butterfly Pin,call,neutral,2026-08-21,339.2200012207031,,,360.0,365.0,370.0,,,,0.7000000000000002,4.3,0.07449767915032679,-0.32751160424836623,no,,,,
2026-07-07,KMI,Debit Vertical,call,bullish,2026-08-21,32.4900016784668,34.0,35.0,,,,,,,0.29000000000000004,0.71,0.2499969883482291,-0.04000301165177095,no,,,,
2026-07-07,MCD,Butterfly Pin,call,neutral,2026-08-21,282.2099914550781,,,275.0,280.0,285.0,,,,1.5999999999999979,3.400000000000002,0.11236203874039763,-1.0381898062980097,no,,,,
2026-07-07,MCD,Butterfly Pin,call,neutral,2026-08-21,282.2099914550781,,,280.0,285.0,290.0,,,,1.3500000000000014,3.6499999999999986,0.11754763154107273,-0.7622618422946378,no,,,,
2026-07-07,MCD,Butterfly Pin,call,neutral,2026-08-21,282.2099914550781,,,285.0,290.0,295.0,,,,1.25,3.75,0.11281393452644034,-0.6859303273677984,no,,,,
2026-07-07,MCD,Butterfly Pin,call,neutral,2026-08-21,282.2099914550781,,,290.0,295.0,300.0,,,,1.299999999999999,3.700000000000001,0.09956526353004946,-0.8021736823497516,no,,,,
2026-07-07,META,Butterfly Pin,call,neutral,2026-08-21,615.5800170898438,,,615.0,620.0,625.0,,,,1.25,3.75,0.030463704827848936,-1.0976814758607554,no,,,,
2026-07-07,META,Butterfly Pin,call,neutral,2026-08-21,615.5800170898438,,,620.0,625.0,630.0,,,,1.25,3.75,0.030012150241136237,-1.0999392487943187,no,,,,
2026-07-07,META,Butterfly Pin,call,neutral,2026-08-21,615.5800170898438,,,625.0,630.0,635.0,,,,1.2000000000000028,3.799999999999997,0.029857040946658087,-1.0507147952667124,no,,,,
2026-07-07,META,Butterfly Pin,call,neutral,2026-08-21,615.5800170898438,,,630.0,635.0,640.0,,,,1.1499999999999986,3.8500000000000014,0.02964996080947585,-1.0017501959526194,no,,,,
2026-07-07,META,Butterfly Pin,call,neutral,2026-08-21,615.5800170898438,,,635.0,640.0,645.0,,,,1.1000000000000014,3.8999999999999986,0.02934535422968304,-0.9532732288515862,no,,,,
2026-07-07,META,Butterfly Pin,call,neutral,2026-08-21,615.5800170898438,,,640.0,645.0,650.0,,,,1.1000000000000014,3.8999999999999986,0.02859705939711832,-0.9570147030144097,no,,,,
2026-07-07,META,Butterfly Pin,call,neutral,2026-08-21,615.5800170898438,,,645.0,650.0,655.0,,,,1.1000000000000014,3.8999999999999986,0.02780884768824987,-0.960955761558752,no,,,,
2026-07-07,META,Butterfly Pin,call,neutral,2026-08-21,615.5800170898438,,,650.0,655.0,660.0,,,,1.1499999999999986,3.8500000000000014,0.02663901457436968,-1.01680492712815,no,,,,
2026-07-07,META,Butterfly Pin,call,neutral,2026-08-21,615.5800170898438,,,655.0,660.0,665.0,,,,1.1000000000000014,3.8999999999999986,0.026135934774862757,-0.9693203261256876,no,,,,
2026-07-07,META,Butterfly Pin,call,neutral,2026-08-21,615.5800170898438,,,660.0,665.0,670.0,,,,1.1000000000000014,3.8999999999999986,0.0252538403653772,-0.9737307981731154,no,,,,
2026-07-07,META,Butterfly Pin,call,neutral,2026-08-21,615.5800170898438,,,665.0,670.0,675.0,,,,1.0499999999999972,3.950000000000003,0.024667897672740635,-0.926660511636294,no,,,,
2026-07-07,MSFT,Debit Vertical,call,bullish,2026-08-21,388.8399963378906,420.0,425.0,,,,,,,1.6499999999999986,3.3500000000000014,0.26181292940026724,-0.3409353529986624,no,,,,
2026-07-07,MSFT,Butterfly Pin,call,neutral,2026-08-21,388.8399963378906,,,390.0,395.0,400.0,,,,1.6500000000000057,3.3499999999999943,0.04667136182033271,-1.4166431908983421,no,,,,
2026-07-07,MSFT,Butterfly Pin,call,neutral,2026-08-21,388.8399963378906,,,395.0,400.0,405.0,,,,1.4500000000000028,3.549999999999997,0.04776821171490031,-1.2111589414255013,no,,,,
2026-07-07,MSFT,Butterfly Pin,call,neutral,2026-08-21,388.8399963378906,,,400.0,405.0,410.0,,,,1.25,3.75,0.04857233732622285,-1.0071383133688858,no,,,,
2026-07-07,MSFT,Butterfly Pin,call,neutral,2026-08-21,388.8399963378906,,,405.0,410.0,415.0,,,,1.1000000000000014,3.8999999999999986,0.048211624842165124,-0.8589418757891759,no,,,,
2026-07-07,MSFT,Butterfly Pin,call,neutral,2026-08-21,388.8399963378906,,,410.0,415.0,420.0,,,,1.0,4.0,0.04684935232379328,-0.7657532383810336,no,,,,
2026-07-07,MSFT,Butterfly Pin,call,neutral,2026-08-21,388.8399963378906,,,415.0,420.0,425.0,,,,1.1999999999999993,3.8000000000000007,0.041888300494400066,-0.990558497527999,no,,,,
2026-07-07,NFLX,Butterfly Pin,call,neutral,2026-08-21,76.18000030517578,,,78.0,79.0,80.0,,,,0.2500000000000009,0.7499999999999991,0.046765918561972486,-0.20323408143802843,no,,,,
2026-07-07,NFLX,Butterfly Pin,call,neutral,2026-08-21,76.18000030517578,,,79.0,80.0,81.0,,,,0.20000000000000018,0.7999999999999998,0.047762564951916664,-0.1522374350480835,no,,,,
2026-07-07,NFLX,Butterfly Pin,call,neutral,2026-08-21,76.18000030517578,,,80.0,81.0,82.0,,,,0.17999999999999972,0.8200000000000003,0.046685023536156334,-0.13331497646384338,no,,,,
2026-07-07,NFLX,Butterfly Pin,call,neutral,2026-08-21,76.18000030517578,,,81.0,82.0,83.0,,,,0.16000000000000014,0.8399999999999999,0.04531323641409679,-0.11468676358590336,no,,,,
2026-07-07,PFE,Debit Vertical,call,bullish,2026-08-21,24.06999969482422,25.0,26.0,,,,,,,0.24000000000000002,0.76,0.27148959265915773,0.03148959265915771,no,,,,
2026-07-07,PFE,Butterfly Pin,call,neutral,2026-08-21,24.06999969482422,,,24.0,25.0,26.0,,,,0.22999999999999998,0.77,0.25684158791472617,0.026841587914726184,no,,,,
2026-07-07,QQQ,Debit Vertical,call,bullish,2026-08-21,709.4299926757812,750.0,755.0,,,,,,,1.5899999999999999,3.41,0.2109710741427685,-0.5351446292861575,no,,,,
2026-07-07,QQQ,Debit Vertical,call,bullish,2026-08-21,709.4299926757812,755.0,760.0,,,,,,,1.4100000000000001,3.59,0.18489005664269414,-0.4855497167865296,no,,,,
2026-07-07,QQQ,Debit Vertical,call,bullish,2026-08-21,709.4299926757812,760.0,765.0,,,,,,,1.2200000000000006,3.7799999999999994,0.16041251399186668,-0.4179374300406673,no,,,,
2026-07-07,QQQ,Debit Vertical,call,bullish,2026-08-21,709.4299926757812,765.0,770.0,,,,,,,1.0499999999999998,3.95,0.1381084202847812,-0.3594578985760938,no,,,,
2026-07-07,QQQ,Debit Vertical,call,bullish,2026-08-21,709.4299926757812,770.0,775.0,,,,,,,0.8500000000000001,4.15,0.118315119046207,-0.25842440476896494,no,,,,
2026-07-07,QQQ,Debit Vertical,call,bullish,2026-08-21,709.4299926757812,775.0,780.0,,,,,,,0.7599999999999998,4.24,0.10039755405642065,-0.25801222971789667,no,,,,
2026-07-07,QQQ,Butterfly Pin,call,neutral,2026-08-21,709.4299926757812,,,655.0,660.0,665.0,,,,1.6400000000000148,3.359999999999985,0.03224565136302893,-1.4787717431848701,no,,,,
2026-07-07,QQQ,Butterfly Pin,call,neutral,2026-08-21,709.4299926757812,,,660.0,665.0,670.0,,,,1.6400000000000006,3.3599999999999994,0.03380833408170658,-1.4709583295914677,no,,,,
2026-07-07,QQQ,Butterfly Pin,call,neutral,2026-08-21,709.4299926757812,,,665.0,670.0,675.0,,,,1.0300000000000011,3.969999999999999,0.04176214756303709,-0.8211892621848156,no,,,,
2026-07-07,QQQ,Butterfly Pin,call,neutral,2026-08-21,709.4299926757812,,,670.0,675.0,680.0,,,,0.9500000000000028,4.049999999999997,0.04433568646124031,-0.7283215676938013,no,,,,
2026-07-07,QQQ,Butterfly Pin,call,neutral,2026-08-21,709.4299926757812,,,675.0,680.0,685.0,,,,0.8599999999999852,4.140000000000015,0.04708332835910822,-0.6245833582044441,no,,,,
2026-07-07,QQQ,Butterfly Pin,call,neutral,2026-08-21,709.4299926757812,,,680.0,685.0,690.0,,,,0.8700000000000045,4.1299999999999955,0.04860811605170834,-0.6269594197414627,no,,,,
2026-07-07,QQQ,Butterfly Pin,call,neutral,2026-08-21,709.4299926757812,,,685.0,690.0,695.0,,,,0.8800000000000097,4.11999999999999,0.04991841018115195,-0.6304079490942499,no,,,,
2026-07-07,QQQ,Butterfly Pin,call,neutral,2026-08-21,709.4299926757812,,,690.0,695.0,700.0,,,,0.8900000000000006,4.109999999999999,0.05107682633875821,-0.6346158683062095,no,,,,
2026-07-07,QQQ,Butterfly Pin,call,neutral,2026-08-21,709.4299926757812,,,695.0,700.0,705.0,,,,0.8000000000000114,4.199999999999989,0.05328013458213232,-0.5335993270893498,no,,,,
2026-07-07,QQQ,Butterfly Pin,call,neutral,2026-08-21,709.4299926757812,,,700.0,705.0,710.0,,,,0.8299999999999983,4.170000000000002,0.05379995489768441,-0.5610002255115762,no,,,,
2026-07-07,QQQ,Butterfly Pin,call,neutral,2026-08-21,709.4299926757812,,,705.0,710.0,715.0,,,,0.8000000000000043,4.199999999999996,0.05469080693048034,-0.5265459653476026,no,,,,
2026-07-07,QQQ,Butterfly Pin,call,neutral,2026-08-21,709.4299926757812,,,710.0,715.0,720.0,,,,0.740000000000002,4.259999999999998,0.05561021274843342,-0.46194893625783484,no,,,,
2026-07-07,QQQ,Butterfly Pin,call,neutral,2026-08-21,709.4299926757812,,,715.0,720.0,725.0,,,,0.7800000000000011,4.219999999999999,0.05481635579962246,-0.5059182210018889,no,,,,
2026-07-07,QQQ,Butterfly Pin,call,neutral,2026-08-21,709.4299926757812,,,720.0,725.0,730.0,,,,0.6899999999999977,4.310000000000002,0.055296289733737014,-0.41351855133131266,no,,,,
2026-07-07,QQQ,Butterfly Pin,call,neutral,2026-08-21,709.4299926757812,,,725.0,730.0,735.0,,,,0.6899999999999977,4.310000000000002,0.05411671090663139,-0.41941644546684076,no,,,,
2026-07-07,QQQ,Butterfly Pin,call,neutral,2026-08-21,709.4299926757812,,,730.0,735.0,740.0,,,,0.5900000000000034,4.409999999999997,0.053683155334624644,-0.32158422332688025,no,,,,
2026-07-07,QQQ,Butterfly Pin,call,neutral,2026-08-21,709.4299926757812,,,735.0,740.0,745.0,,,,0.6099999999999994,4.390000000000001,0.05126044016481929,-0.35369779917590294,no,,,,
2026-07-07,QQQ,Butterfly Pin,call,neutral,2026-08-21,709.4299926757812,,,740.0,745.0,750.0,,,,0.5500000000000007,4.449999999999999,0.049349679372396704,-0.30325160313801724,no,,,,
2026-07-07,QQQ,Butterfly Pin,call,neutral,2026-08-21,709.4299926757812,,,745.0,750.0,755.0,,,,0.620000000000001,4.379999999999999,0.04560036988075217,-0.3919981505962402,no,,,,
2026-07-07,QQQ,Butterfly Pin,call,neutral,2026-08-21,709.4299926757812,,,750.0,755.0,760.0,,,,0.5700000000000003,4.43,0.042840988502733046,-0.3557950574863351,no,,,,
2026-07-07,QQQ,Butterfly Pin,call,neutral,2026-08-21,709.4299926757812,,,755.0,760.0,765.0,,,,0.5700000000000003,4.43,0.03935391727801135,-0.3732304136099436,no,,,,
2026-07-07,QQQ,Butterfly Pin,call,neutral,2026-08-21,709.4299926757812,,,760.0,765.0,770.0,,,,0.45000000000000107,4.549999999999999,0.036716884066867406,-0.266415579665664,no,,,,
2026-07-07,QQQ,Butterfly Pin,call,neutral,2026-08-21,709.4299926757812,,,765.0,770.0,775.0,,,,0.39000000000000057,4.609999999999999,0.03342064421193247,-0.22289677894033824,no,,,,
2026-07-07,QQQ,Butterfly Pin,call,neutral,2026-08-21,709.4299926757812,,,770.0,775.0,780.0,,,,0.33000000000000007,4.67,0.030108549042188848,-0.17945725478905583,no,,,,
2026-07-07,SLV,Butterfly Pin,call,neutral,2026-08-21,54.459999084472656,,,55.0,56.0,57.0,,,,0.3299999999999992,0.6700000000000008,0.06021656503444828,-0.2697834349655509,no,,,,
2026-07-07,SLV,Butterfly Pin,call,neutral,2026-08-21,54.459999084472656,,,56.0,57.0,58.0,,,,0.2599999999999998,0.7400000000000002,0.0628312589976997,-0.19716874100230009,no,,,,
2026-07-07,T,Debit Vertical,call,bullish,2026-08-21,21.09000015258789,22.0,23.0,,,,,,,0.27,0.73,0.2972531315493129,0.02725313154931286,no,,,,
2026-07-07,T,Butterfly Pin,call,neutral,2026-08-21,21.09000015258789,,,21.0,22.0,23.0,,,,0.25,0.75,0.2137741633696958,-0.03622583663030421,no,,,,
2026-07-07,TSLA,Debit Vertical,call,bullish,2026-08-21,402.8999938964844,435.0,440.0,,,,,,,1.5999999999999996,3.4000000000000004,0.2837541166408958,-0.18122941679552063,no,,,,
2026-07-07,TSLA,Butterfly Pin,call,neutral,2026-08-21,402.8999938964844,,,385.0,390.0,395.0,,,,1.5499999999999972,3.450000000000003,0.04247317327609468,-1.3376341336195239,no,,,,
2026-07-07,TSLA,Butterfly Pin,call,neutral,2026-08-21,402.8999938964844,,,390.0,395.0,400.0,,,,0.9500000000000028,4.049999999999997,0.049566655770191814,-0.7021667211490437,no,,,,
2026-07-07,TSLA,Butterfly Pin,call,neutral,2026-08-21,402.8999938964844,,,395.0,400.0,405.0,,,,0.8000000000000043,4.199999999999996,0.0509050748652215,-0.5454746256738967,no,,,,
2026-07-07,TSLA,Butterfly Pin,call,neutral,2026-08-21,402.8999938964844,,,400.0,405.0,410.0,,,,0.7999999999999972,4.200000000000003,0.050118579340140856,-0.5494071032992929,no,,,,
2026-07-07,TSLA,Butterfly Pin,call,neutral,2026-08-21,402.8999938964844,,,405.0,410.0,415.0,,,,0.6000000000000014,4.399999999999999,0.0513320856485352,-0.34333957175732543,no,,,,
2026-07-07,TSLA,Butterfly Pin,call,neutral,2026-08-21,402.8999938964844,,,410.0,415.0,420.0,,,,0.6500000000000057,4.349999999999994,0.049324526409724845,-0.4033773679513815,no,,,,
2026-07-07,TSLA,Butterfly Pin,call,neutral,2026-08-21,402.8999938964844,,,415.0,420.0,425.0,,,,0.6000000000000014,4.399999999999999,0.04825238057367165,-0.3587380971316432,no,,,,
2026-07-07,TSLA,Butterfly Pin,call,neutral,2026-08-21,402.8999938964844,,,420.0,425.0,430.0,,,,0.45000000000000284,4.549999999999997,0.047991539982170595,-0.21004230008914987,no,,,,
2026-07-07,TSLA,Butterfly Pin,call,neutral,2026-08-21,402.8999938964844,,,425.0,430.0,435.0,,,,0.5500000000000043,4.449999999999996,0.044928511824440576,-0.32535744087780144,no,,,,
2026-07-07,TSLA,Butterfly Pin,call,neutral,2026-08-21,402.8999938964844,,,430.0,435.0,440.0,,,,0.4499999999999993,4.550000000000001,0.04375653772410237,-0.23121731137948745,no,,,,
2026-07-07,V,Debit Vertical,call,bullish,2026-08-21,352.20001220703125,375.0,380.0,,,,,,,1.5500000000000003,3.4499999999999997,0.20427080843526763,-0.5286459578236622,no,,,,
2026-07-07,V,Butterfly Pin,call,neutral,2026-08-21,352.20001220703125,,,365.0,370.0,375.0,,,,1.5,3.5,0.07254219551682434,-1.1372890224158783,no,,,,
2026-07-07,V,Butterfly Pin,call,neutral,2026-08-21,352.20001220703125,,,370.0,375.0,380.0,,,,1.049999999999999,3.950000000000001,0.07269217555459662,-0.6865391222270159,no,,,,
2026-07-07,VZ,Debit Vertical,call,bullish,2026-08-21,42.59000015258789,45.0,46.0,,,,,,,0.29000000000000004,0.71,0.26410963620585826,-0.02589036379414178,no,,,,
2026-07-07,VZ,Butterfly Pin,call,neutral,2026-08-21,42.59000015258789,,,42.0,43.0,44.0,,,,0.3299999999999996,0.6700000000000004,0.11513349798204708,-0.21486650201795254,no,,,,
2026-07-07,VZ,Butterfly Pin,call,neutral,2026-08-21,42.59000015258789,,,43.0,44.0,45.0,,,,0.28000000000000025,0.7199999999999998,0.11462239333397084,-0.1653776066660294,no,,,,
2026-07-07,VZ,Butterfly Pin,call,neutral,2026-08-21,42.59000015258789,,,44.0,45.0,46.0,,,,0.2200000000000002,0.7799999999999998,0.11016332383190558,-0.10983667616809463,no,,,,
2026-07-07,XLE,Debit Vertical,call,bullish,2026-08-21,54.63999938964844,58.0,59.0,,,,,,,0.30000000000000004,0.7,0.2213042779280076,-0.07869572207199244,no,,,,
2026-07-07,XLE,Debit Vertical,call,bullish,2026-08-21,54.63999938964844,59.0,60.0,,,,,,,0.25999999999999995,0.74,0.17538088873562258,-0.0846191112643774,no,,,,
2026-07-07,XLE,Butterfly Pin,call,neutral,2026-08-21,54.63999938964844,,,56.0,57.0,58.0,,,,0.22999999999999998,0.77,0.10618742654852259,-0.12381257345147739,no,,,,
2026-07-07,XLE,Butterfly Pin,call,neutral,2026-08-21,54.63999938964844,,,58.0,59.0,60.0,,,,0.27,0.73,0.07315531654305302,-0.19684468345694703,no,,,,
2026-07-09,AAPL,Debit Vertical,call,bullish,2026-08-21,316.2200012207031,335.0,340.0,,,,,,,1.5500000000000003,3.4499999999999997,0.22188532981863562,-0.44057335090682215,no,,,,
2026-07-09,AAPL,Debit Vertical,call,bullish,2026-08-21,316.2200012207031,340.0,345.0,,,,,,,1.1,3.9,0.17716151989220846,-0.21419240053895772,no,,,,
2026-07-09,GLD,Debit Vertical,put,bearish,2026-08-21,378.17999267578125,350.0,345.0,,,,,,,0.79,4.21,0.1945213301679548,0.182606650839774,no,,,,
2026-07-09,GLD,Debit Vertical,put,bearish,2026-08-21,378.17999267578125,355.0,350.0,,,,,,,1.0700000000000003,3.9299999999999997,0.23296407174164535,0.09482035870822647,no,,,,
2026-07-09,GLD,Debit Vertical,put,bearish,2026-08-21,378.17999267578125,360.0,355.0,,,,,,,1.25,3.75,0.27834954530693723,0.14174772653468626,no,,,,
2026-07-09,GLD,Debit Vertical,put,bearish,2026-08-21,378.17999267578125,365.0,360.0,,,,,,,1.5499999999999998,3.45,0.3284028906204699,0.09201445310234968,no,,,,
2026-07-09,GOOG,Butterfly Pin,call,neutral,2026-08-21,356.239990234375,,,355.0,360.0,365.0,,,,1.3999999999999986,3.6000000000000014,0.06221507354161704,-1.0889246322919133,no,,,,
2026-07-09,GOOG,Butterfly Pin,call,neutral,2026-08-21,356.239990234375,,,360.0,365.0,370.0,,,,1.4499999999999993,3.5500000000000007,0.059319183418112986,-1.1534040829094343,no,,,,
2026-07-09,GOOG,Butterfly Pin,call,neutral,2026-08-21,356.239990234375,,,365.0,370.0,375.0,,,,1.6000000000000014,3.3999999999999986,0.0542583965063691,-1.3287080174681558,no,,,,
2026-07-09,GOOG,Butterfly Pin,call,neutral,2026-08-21,356.239990234375,,,375.0,380.0,385.0,,,,1.0999999999999979,3.900000000000002,0.05494366090374736,-0.825281695481261,no,,,,
2026-07-09,GOOG,Butterfly Pin,call,neutral,2026-08-21,356.239990234375,,,380.0,385.0,390.0,,,,1.4999999999999982,3.5000000000000018,0.045626447071277054,-1.271867764643613,no,,,,
2026-07-09,GOOGL,Butterfly Pin,call,neutral,2026-08-21,358.8900146484375,,,350.0,355.0,360.0,,,,1.2999999999999972,3.700000000000003,0.06529817942289873,-0.9735091028855036,no,,,,
2026-07-09,GOOGL,Butterfly Pin,call,neutral,2026-08-21,358.8900146484375,,,355.0,360.0,365.0,,,,1.2000000000000028,3.799999999999997,0.06584779983189432,-0.8707610008405313,no,,,,
2026-07-09,GOOGL,Butterfly Pin,call,neutral,2026-08-21,358.8900146484375,,,360.0,365.0,370.0,,,,1.0,4.0,0.06736687516877121,-0.6631656241561439,no,,,,
2026-07-09,GOOGL,Butterfly Pin,call,neutral,2026-08-21,358.8900146484375,,,365.0,370.0,375.0,,,,1.1000000000000014,3.8999999999999986,0.0630770488115806,-0.7846147559420984,no,,,,
2026-07-09,GOOGL,Butterfly Pin,call,neutral,2026-08-21,358.8900146484375,,,370.0,375.0,380.0,,,,0.8499999999999979,4.150000000000002,0.06392343366817116,-0.5303828316591421,no,,,,
2026-07-09,GOOGL,Butterfly Pin,call,neutral,2026-08-21,358.8900146484375,,,375.0,380.0,385.0,,,,1.4000000000000021,3.599999999999998,0.052066205941069255,-1.139668970294656,no,,,,
2026-07-09,GOOGL,Butterfly Pin,call,neutral,2026-08-21,358.8900146484375,,,380.0,385.0,390.0,,,,0.6999999999999993,4.300000000000001,0.05801989603308921,-0.4099005198345532,no,,,,
2026-07-09,IWM,Debit Vertical,call,bullish,2026-08-21,297.239990234375,310.0,315.0,,,,,,,1.33,3.67,0.21163742509287914,-0.2718128745356043,no,,,,
2026-07-09,IWM,Debit Vertical,call,bullish,2026-08-21,297.239990234375,315.0,320.0,,,,,,,0.8799999999999999,4.12,0.14286801252619175,-0.16565993736904117,no,,,,
2026-07-09,IWM,Debit Vertical,call,bullish,2026-08-21,297.239990234375,320.0,325.0,,,,,,,0.54,4.46,0.09009876040643222,-0.08950619796783893,no,,,,
2026-07-09,JPM,Debit Vertical,call,bullish,2026-08-21,335.4700012207031,360.0,365.0,,,,,,,1.27,3.73,0.17213466227446372,-0.4093266886276813,no,,,,
2026-07-09,MCD,Butterfly Pin,call,neutral,2026-08-21,276.489990234375,,,270.0,275.0,280.0,,,,1.1500000000000021,3.849999999999998,0.12832476162082695,-0.5083761918958674,no,,,,
2026-07-09,MCD,Butterfly Pin,call,neutral,2026-08-21,276.489990234375,,,275.0,280.0,285.0,,,,1.3499999999999979,3.650000000000002,0.11846406477798532,-0.7576796761100713,no,,,,
2026-07-09,MCD,Butterfly Pin,call,neutral,2026-08-21,276.489990234375,,,280.0,285.0,290.0,,,,1.0500000000000007,3.9499999999999993,0.11938391117180541,-0.45308044414097376,no,,,,
2026-07-09,MCD,Butterfly Pin,call,neutral,2026-08-21,276.489990234375,,,285.0,290.0,295.0,,,,1.1999999999999993,3.8000000000000007,0.10221731374984477,-0.6889134312507755,no,,,,
2026-07-09,MCD,Butterfly Pin,call,neutral,2026-08-21,276.489990234375,,,290.0,295.0,300.0,,,,0.8899999999999997,4.11,0.09433680769028097,-0.41831596154859485,no,,,,
2026-07-09,MSFT,Butterfly Pin,call,neutral,2026-08-21,384.3599853515625,,,375.0,380.0,385.0,,,,1.6000000000000014,3.3999999999999986,0.05191029371412875,-1.3404485314293577,no,,,,
2026-07-09,MSFT,Butterfly Pin,call,neutral,2026-08-21,384.3599853515625,,,380.0,385.0,390.0,,,,1.1000000000000014,3.8999999999999986,0.05864896551266474,-0.8067551724366776,no,,,,
2026-07-09,MSFT,Butterfly Pin,call,neutral,2026-08-21,384.3599853515625,,,385.0,390.0,395.0,,,,1.1000000000000014,3.8999999999999986,0.05705635544425086,-0.8147182227787471,no,,,,
2026-07-09,MSFT,Butterfly Pin,call,neutral,2026-08-21,384.3599853515625,,,390.0,395.0,400.0,,,,0.8999999999999986,4.100000000000001,0.05793790106921598,-0.6103104946539186,no,,,,
2026-07-09,MSFT,Butterfly Pin,call,neutral,2026-08-21,384.3599853515625,,,395.0,400.0,405.0,,,,1.1499999999999986,3.8500000000000014,0.052097368675324884,-0.889513156623374,no,,,,
2026-07-09,MSFT,Butterfly Pin,call,neutral,2026-08-21,384.3599853515625,,,400.0,405.0,410.0,,,,0.6499999999999986,4.350000000000001,0.05610011642458107,-0.3694994178770932,no,,,,
2026-07-09,MSFT,Butterfly Pin,call,neutral,2026-08-21,384.3599853515625,,,405.0,410.0,415.0,,,,1.0,4.0,0.04866777564767566,-0.7566611217616217,no,,,,
2026-07-09,MSFT,Butterfly Pin,call,neutral,2026-08-21,384.3599853515625,,,410.0,415.0,420.0,,,,0.6500000000000021,4.349999999999998,0.04963213482307072,-0.4018393258846485,no,,,,
2026-07-09,NFLX,Debit Vertical,put,bearish,2026-08-21,75.47000122070312,69.0,68.0,,,,,,,0.33000000000000007,0.6699999999999999,0.3004999272794193,-0.02950007272058075,no,,,,
2026-07-09,PFE,Debit Vertical,put,bearish,2026-08-21,24.25,23.0,22.0,,,,,,,0.24000000000000002,0.76,0.23460791481736587,-0.005392085182634121,no,,,,
2026-07-09,SLV,Debit Vertical,put,bearish,2026-08-21,54.13999938964844,50.0,49.0,,,,,,,0.33000000000000007,0.6699999999999999,0.31303439613153805,-0.01696560386846202,no,,,,
2026-07-09,T,Debit Vertical,put,bearish,2026-08-21,21.040000915527344,20.0,19.0,,,,,,,0.3,0.7,0.30426571811636405,0.004265718116364031,no,,,,
2026-07-09,UNP,Debit Vertical,call,bullish,2026-08-21,285.0400085449219,305.0,310.0,,,,,,,1.6,3.4,0.21367116536144476,-0.5316441731927765,no,,,,
2026-07-09,V,Debit Vertical,call,bullish,2026-08-21,348.20001220703125,370.0,375.0,,,,,,,1.5999999999999996,3.4000000000000004,0.20882177983988653,-0.5558911008005668,no,,,,
2026-07-09,V,Debit Vertical,call,bullish,2026-08-21,348.20001220703125,375.0,380.0,,,,,,,1.3800000000000003,3.6199999999999997,0.16793652031338624,-0.540317398433069,no,,,,
2026-07-09,AAPL,Debit Vertical,call,bullish,2026-08-21,316.2200012207031,335.0,340.0,,,,,,,1.5500000000000003,3.4499999999999997,0.22188532981863562,-0.44057335090682215,no,,,,
2026-07-09,AAPL,Debit Vertical,call,bullish,2026-08-21,316.2200012207031,340.0,345.0,,,,,,,1.1,3.9,0.17716151989220846,-0.21419240053895772,no,,,,
2026-07-09,GLD,Debit Vertical,put,bearish,2026-08-21,378.17999267578125,350.0,345.0,,,,,,,0.79,4.21,0.1945213301679548,0.182606650839774,no,,,,
2026-07-09,GLD,Debit Vertical,put,bearish,2026-08-21,378.17999267578125,355.0,350.0,,,,,,,1.0700000000000003,3.9299999999999997,0.23296407174164535,0.09482035870822647,no,,,,
2026-07-09,GLD,Debit Vertical,put,bearish,2026-08-21,378.17999267578125,360.0,355.0,,,,,,,1.25,3.75,0.27834954530693723,0.14174772653468626,no,,,,
2026-07-09,GLD,Debit Vertical,put,bearish,2026-08-21,378.17999267578125,365.0,360.0,,,,,,,1.5499999999999998,3.45,0.3284028906204699,0.09201445310234968,no,,,,
2026-07-09,GOOG,Butterfly Pin,call,neutral,2026-08-21,356.239990234375,,,355.0,360.0,365.0,,,,1.3999999999999986,3.6000000000000014,0.06221507354161704,-1.0889246322919133,no,,,,
2026-07-09,GOOG,Butterfly Pin,call,neutral,2026-08-21,356.239990234375,,,360.0,365.0,370.0,,,,1.4499999999999993,3.5500000000000007,0.059319183418112986,-1.1534040829094343,no,,,,
2026-07-09,GOOG,Butterfly Pin,call,neutral,2026-08-21,356.239990234375,,,365.0,370.0,375.0,,,,1.6000000000000014,3.3999999999999986,0.0542583965063691,-1.3287080174681558,no,,,,
2026-07-09,GOOG,Butterfly Pin,call,neutral,2026-08-21,356.239990234375,,,375.0,380.0,385.0,,,,1.0999999999999979,3.900000000000002,0.05494366090374736,-0.825281695481261,no,,,,
2026-07-09,GOOG,Butterfly Pin,call,neutral,2026-08-21,356.239990234375,,,380.0,385.0,390.0,,,,1.4999999999999982,3.5000000000000018,0.045626447071277054,-1.271867764643613,no,,,,
2026-07-09,GOOGL,Butterfly Pin,call,neutral,2026-08-21,358.8900146484375,,,350.0,355.0,360.0,,,,1.2999999999999972,3.700000000000003,0.06529817942289873,-0.9735091028855036,no,,,,
2026-07-09,GOOGL,Butterfly Pin,call,neutral,2026-08-21,358.8900146484375,,,355.0,360.0,365.0,,,,1.2000000000000028,3.799999999999997,0.06584779983189432,-0.8707610008405313,no,,,,
2026-07-09,GOOGL,Butterfly Pin,call,neutral,2026-08-21,358.8900146484375,,,360.0,365.0,370.0,,,,1.0,4.0,0.06736687516877121,-0.6631656241561439,no,,,,
2026-07-09,GOOGL,Butterfly Pin,call,neutral,2026-08-21,358.8900146484375,,,365.0,370.0,375.0,,,,1.1000000000000014,3.8999999999999986,0.0630770488115806,-0.7846147559420984,no,,,,
2026-07-09,GOOGL,Butterfly Pin,call,neutral,2026-08-21,358.8900146484375,,,370.0,375.0,380.0,,,,0.8499999999999979,4.150000000000002,0.06392343366817116,-0.5303828316591421,no,,,,
2026-07-09,GOOGL,Butterfly Pin,call,neutral,2026-08-21,358.8900146484375,,,375.0,380.0,385.0,,,,1.4000000000000021,3.599999999999998,0.052066205941069255,-1.139668970294656,no,,,,
2026-07-09,GOOGL,Butterfly Pin,call,neutral,2026-08-21,358.8900146484375,,,380.0,385.0,390.0,,,,0.6999999999999993,4.300000000000001,0.05801989603308921,-0.4099005198345532,no,,,,
2026-07-09,IWM,Debit Vertical,call,bullish,2026-08-21,297.239990234375,310.0,315.0,,,,,,,1.33,3.67,0.21163742509287914,-0.2718128745356043,no,,,,
2026-07-09,IWM,Debit Vertical,call,bullish,2026-08-21,297.239990234375,315.0,320.0,,,,,,,0.8799999999999999,4.12,0.14286801252619175,-0.16565993736904117,no,,,,
2026-07-09,IWM,Debit Vertical,call,bullish,2026-08-21,297.239990234375,320.0,325.0,,,,,,,0.54,4.46,0.09009876040643222,-0.08950619796783893,no,,,,
2026-07-09,JPM,Debit Vertical,call,bullish,2026-08-21,335.4700012207031,360.0,365.0,,,,,,,1.27,3.73,0.17213466227446372,-0.4093266886276813,no,,,,
2026-07-09,MCD,Butterfly Pin,call,neutral,2026-08-21,276.489990234375,,,270.0,275.0,280.0,,,,1.1500000000000021,3.849999999999998,0.12832476162082695,-0.5083761918958674,no,,,,
2026-07-09,MCD,Butterfly Pin,call,neutral,2026-08-21,276.489990234375,,,275.0,280.0,285.0,,,,1.3499999999999979,3.650000000000002,0.11846406477798532,-0.7576796761100713,no,,,,
2026-07-09,MCD,Butterfly Pin,call,neutral,2026-08-21,276.489990234375,,,280.0,285.0,290.0,,,,1.0500000000000007,3.9499999999999993,0.11938391117180541,-0.45308044414097376,no,,,,
2026-07-09,MCD,Butterfly Pin,call,neutral,2026-08-21,276.489990234375,,,285.0,290.0,295.0,,,,1.1999999999999993,3.8000000000000007,0.10221731374984477,-0.6889134312507755,no,,,,
2026-07-09,MCD,Butterfly Pin,call,neutral,2026-08-21,276.489990234375,,,290.0,295.0,300.0,,,,0.8899999999999997,4.11,0.09433680769028097,-0.41831596154859485,no,,,,
2026-07-09,MSFT,Butterfly Pin,call,neutral,2026-08-21,384.3599853515625,,,375.0,380.0,385.0,,,,1.6000000000000014,3.3999999999999986,0.05191029371412875,-1.3404485314293577,no,,,,
2026-07-09,MSFT,Butterfly Pin,call,neutral,2026-08-21,384.3599853515625,,,380.0,385.0,390.0,,,,1.1000000000000014,3.8999999999999986,0.05864896551266474,-0.8067551724366776,no,,,,
2026-07-09,MSFT,Butterfly Pin,call,neutral,2026-08-21,384.3599853515625,,,385.0,390.0,395.0,,,,1.1000000000000014,3.8999999999999986,0.05705635544425086,-0.8147182227787471,no,,,,
2026-07-09,MSFT,Butterfly Pin,call,neutral,2026-08-21,384.3599853515625,,,390.0,395.0,400.0,,,,0.8999999999999986,4.100000000000001,0.05793790106921598,-0.6103104946539186,no,,,,
2026-07-09,MSFT,Butterfly Pin,call,neutral,2026-08-21,384.3599853515625,,,395.0,400.0,405.0,,,,1.1499999999999986,3.8500000000000014,0.052097368675324884,-0.889513156623374,no,,,,
2026-07-09,MSFT,Butterfly Pin,call,neutral,2026-08-21,384.3599853515625,,,400.0,405.0,410.0,,,,0.6499999999999986,4.350000000000001,0.05610011642458107,-0.3694994178770932,no,,,,
2026-07-09,MSFT,Butterfly Pin,call,neutral,2026-08-21,384.3599853515625,,,405.0,410.0,415.0,,,,1.0,4.0,0.04866777564767566,-0.7566611217616217,no,,,,
2026-07-09,MSFT,Butterfly Pin,call,neutral,2026-08-21,384.3599853515625,,,410.0,415.0,420.0,,,,0.6500000000000021,4.349999999999998,0.04963213482307072,-0.4018393258846485,no,,,,
2026-07-09,NFLX,Debit Vertical,put,bearish,2026-08-21,75.47000122070312,69.0,68.0,,,,,,,0.33000000000000007,0.6699999999999999,0.3004999272794193,-0.02950007272058075,no,,,,
2026-07-09,PFE,Debit Vertical,put,bearish,2026-08-21,24.25,23.0,22.0,,,,,,,0.24000000000000002,0.76,0.23460791481736587,-0.005392085182634121,no,,,,
2026-07-09,SLV,Debit Vertical,put,bearish,2026-08-21,54.13999938964844,50.0,49.0,,,,,,,0.33000000000000007,0.6699999999999999,0.31303439613153805,-0.01696560386846202,no,,,,
2026-07-09,T,Debit Vertical,put,bearish,2026-08-21,21.040000915527344,20.0,19.0,,,,,,,0.3,0.7,0.30426571811636405,0.004265718116364031,no,,,,
2026-07-09,UNP,Debit Vertical,call,bullish,2026-08-21,285.0400085449219,305.0,310.0,,,,,,,1.6,3.4,0.21367116536144476,-0.5316441731927765,no,,,,
2026-07-09,V,Debit Vertical,call,bullish,2026-08-21,348.20001220703125,370.0,375.0,,,,,,,1.5999999999999996,3.4000000000000004,0.20882177983988653,-0.5558911008005668,no,,,,
2026-07-09,V,Debit Vertical,call,bullish,2026-08-21,348.20001220703125,375.0,380.0,,,,,,,1.3800000000000003,3.6199999999999997,0.16793652031338624,-0.540317398433069,no,,,,
2026-07-10,AAPL,Debit Vertical,call,bullish,2026-08-21,315.32000732421875,330.0,335.0,,,,,,,1.5999999999999996,3.4000000000000004,0.26512584315089377,-0.27437078424553074,no,,,,
2026-07-10,AAPL,Debit Vertical,call,bullish,2026-08-21,315.32000732421875,335.0,340.0,,,,,,,1.4499999999999997,3.5500000000000003,0.21117099426563557,-0.394145028671822,no,,,,
2026-07-10,AAPL,Debit Vertical,call,bullish,2026-08-21,315.32000732421875,340.0,345.0,,,,,,,0.9500000000000002,4.05,0.16799771050367507,-0.11001144748162484,no,,,,
2026-07-10,CMCSA,Butterfly Pin,call,neutral,2026-08-21,23.56999969482422,,,23.0,24.0,25.0,,,,0.2799999999999998,0.7200000000000002,0.18373349090631863,-0.09626650909368117,no,,,,
2026-07-10,EWZ,Butterfly Pin,call,neutral,2026-08-21,35.93000030517578,,,34.0,35.0,36.0,,,,0.2900000000000005,0.7099999999999995,0.16789293816462458,-0.1221070618353759,no,,,,
2026-07-10,EWZ,Butterfly Pin,call,neutral,2026-08-21,35.93000030517578,,,35.0,36.0,37.0,,,,0.2599999999999998,0.7400000000000002,0.17696633307265514,-0.08303366692734465,no,,,,
2026-07-10,EWZ,Butterfly Pin,call,neutral,2026-08-21,35.93000030517578,,,36.0,37.0,38.0,,,,0.21999999999999997,0.78,0.17081582691571412,-0.049184173084285854,no,,,,
2026-07-10,EWZ,Butterfly Pin,call,neutral,2026-08-21,35.93000030517578,,,37.0,38.0,39.0,,,,0.21999999999999997,0.78,0.1439294106455471,-0.07607058935445288,no,,,,
2026-07-10,GLD,Debit Vertical,put,bearish,2026-08-21,377.010009765625,345.0,340.0,,,,,,,0.6900000000000002,4.31,0.15284456588864748,0.07422282944323721,no,,,,
2026-07-10,GLD,Debit Vertical,put,bearish,2026-08-21,377.010009765625,350.0,345.0,,,,,,,0.8400000000000001,4.16,0.1879097409467949,0.09954870473397448,no,,,,
2026-07-10,GLD,Debit Vertical,put,bearish,2026-08-21,377.010009765625,355.0,350.0,,,,,,,1.0699999999999998,3.93,0.22850682242767417,0.07253411213837102,no,,,,
2026-07-10,GLD,Debit Vertical,put,bearish,2026-08-21,377.010009765625,360.0,355.0,,,,,,,1.3000000000000003,3.6999999999999997,0.27586828211078096,0.07934141055390453,no,,,,
2026-07-10,GLD,Debit Vertical,put,bearish,2026-08-21,377.010009765625,365.0,360.0,,,,,,,1.6000000000000005,3.3999999999999995,0.32996807496648173,0.04984037483240811,no,,,,
2026-07-10,HD,Debit Vertical,call,bullish,2026-08-21,343.29998779296875,365.0,370.0,,,,,,,1.5,3.5,0.23018362118278946,-0.3490818940860527,no,,,,
2026-07-10,JPM,Debit Vertical,call,bullish,2026-08-21,336.4700012207031,355.0,360.0,,,,,,,1.5999999999999996,3.4000000000000004,0.21449305859179674,-0.5275347070410159,no,,,,
2026-07-10,JPM,Debit Vertical,call,bullish,2026-08-21,336.4700012207031,360.0,365.0,,,,,,,1.2999999999999998,3.7,0.1682676333524637,-0.4586618332376813,no,,,,
2026-07-10,JPM,Debit Vertical,call,bullish,2026-08-21,336.4700012207031,365.0,370.0,,,,,,,1.1700000000000002,3.83,0.12930125593877073,-0.5234937203061464,no,,,,
2026-07-10,KMI,Butterfly Pin,call,neutral,2026-08-21,32.119998931884766,,,33.0,34.0,35.0,,,,0.31000000000000005,0.69,0.15958615491602313,-0.15041384508397693,no,,,,
2026-07-10,MCD,Debit Vertical,put,bearish,2026-08-21,274.6000061035156,255.0,250.0,,,,,,,1.29,3.71,0.1976117017483373,-0.3019414912583136,no,,,,
2026-07-10,MCD,Debit Vertical,put,bearish,2026-08-21,274.6000061035156,260.0,255.0,,,,,,,1.35,3.65,0.2601135951238043,-0.04943202438097871,no,,,,
2026-07-10,META,Butterfly Pin,call,neutral,2026-08-21,669.2100219726562,,,715.0,720.0,725.0,,,,1.5499999999999972,3.450000000000003,0.01861303256336161,-1.4569348371831892,no,,,,
2026-07-10,META,Butterfly Pin,call,neutral,2026-08-21,669.2100219726562,,,720.0,725.0,730.0,,,,1.5,3.5,0.018378805137769683,-1.4081059743111515,no,,,,
2026-07-10,MSFT,Butterfly Pin,call,neutral,2026-08-21,385.1000061035156,,,375.0,380.0,385.0,,,,1.3500000000000014,3.6499999999999986,0.0544820994841998,-1.0775895025790025,no,,,,
2026-07-10,MSFT,Butterfly Pin,call,neutral,2026-08-21,385.1000061035156,,,380.0,385.0,390.0,,,,1.1000000000000085,3.8999999999999915,0.057420521586055095,-0.8128973920697331,no,,,,
2026-07-10,MSFT,Butterfly Pin,call,neutral,2026-08-21,385.1000061035156,,,385.0,390.0,395.0,,,,1.2999999999999972,3.700000000000003,0.053138705123614294,-1.0343064743819257,no,,,,
2026-07-10,MSFT,Butterfly Pin,call,neutral,2026-08-21,385.1000061035156,,,390.0,395.0,400.0,,,,0.6499999999999986,4.350000000000001,0.0604466333703656,-0.34776683314817053,no,,,,
2026-07-10,MSFT,Butterfly Pin,call,neutral,2026-08-21,385.1000061035156,,,395.0,400.0,405.0,,,,0.9499999999999993,4.050000000000001,0.053993865563169985,-0.6800306721841494,no,,,,
2026-07-10,MSFT,Butterfly Pin,call,neutral,2026-08-21,385.1000061035156,,,400.0,405.0,410.0,,,,0.6499999999999986,4.350000000000001,0.05537408950908168,-0.3731295524545901,no,,,,
2026-07-10,MSFT,Butterfly Pin,call,neutral,2026-08-21,385.1000061035156,,,405.0,410.0,415.0,,,,0.5999999999999979,4.400000000000002,0.05294868675831088,-0.33525656620844346,no,,,,
2026-07-10,MSFT,Butterfly Pin,call,neutral,2026-08-21,385.1000061035156,,,410.0,415.0,420.0,,,,0.5500000000000043,4.449999999999996,0.050294124318175926,-0.29852937840912463,no,,,,
2026-07-10,PFE,Debit Vertical,put,bearish,2026-08-21,24.170000076293945,23.0,22.0,,,,,,,0.24,0.76,0.23616652499746493,-0.0038334750025350584,no,,,,
2026-07-10,QQQ,Debit Vertical,call,bullish,2026-08-21,725.510009765625,760.0,765.0,,,,,,,1.5300000000000002,3.4699999999999998,0.22491538645536197,-0.40542306772319037,no,,,,
2026-07-10,QQQ,Debit Vertical,call,bullish,2026-08-21,725.510009765625,765.0,770.0,,,,,,,1.29,3.71,0.19570848025373777,-0.31145759873131107,no,,,,
2026-07-10,QQQ,Debit Vertical,call,bullish,2026-08-21,725.510009765625,770.0,775.0,,,,,,,1.13,3.87,0.16823288703591366,-0.2888355648204316,no,,,,
2026-07-10,QQQ,Debit Vertical,call,bullish,2026-08-21,725.510009765625,775.0,780.0,,,,,,,0.9700000000000002,4.029999999999999,0.14324270206009315,-0.25378648969953443,no,,,,
2026-07-10,QQQ,Debit Vertical,call,bullish,2026-08-21,725.510009765625,780.0,785.0,,,,,,,0.8199999999999998,4.18,0.12079547787606343,-0.21602261061968275,no,,,,
2026-07-10,QQQ,Debit Vertical,call,bullish,2026-08-21,725.510009765625,785.0,790.0,,,,,,,0.6700000000000004,4.33,0.10089957870685806,-0.16550210646571,no,,,,
2026-07-10,QQQ,Debit Vertical,call,bullish,2026-08-21,725.510009765625,790.0,795.0,,,,,,,0.5700000000000003,4.43,0.08393580696373637,-0.15032096518131838,no,,,,
2026-07-10,SLV,Debit Vertical,put,bearish,2026-08-21,53.95000076293945,50.0,49.0,,,,,,,0.31999999999999984,0.6800000000000002,0.3089028425169432,-0.011097157483056619,no,,,,
2026-07-10,V,Debit Vertical,call,bullish,2026-08-21,348.9700012207031,370.0,375.0,,,,,,,1.6,3.4,0.2125822557246974,-0.537088721376513,no,,,,
2026-07-10,V,Debit Vertical,call,bullish,2026-08-21,348.9700012207031,375.0,380.0,,,,,,,1.44,3.56,0.1692237620077245,-0.5938811899613775,no,,,,
2026-07-10,VZ,Debit Vertical,put,bearish,2026-08-21,42.119998931884766,39.0,38.0,,,,,,,0.24,0.76,0.21575944725930385,-0.024240552740696142,no,,,,
2026-07-10,VZ,Debit Vertical,put,bearish,2026-08-21,42.119998931884766,40.0,39.0,,,,,,,0.32,0.6799999999999999,0.2886792135307089,-0.031320786469291095,no,,,,
2026-07-10,CMCSA,Butterfly Pin,call,neutral,2026-08-21,23.56999969482422,,,23.0,24.0,25.0,,,,0.2799999999999998,0.7200000000000002,0.18373349090631863,-0.09626650909368117,no,,,,
2026-07-10,EWZ,Butterfly Pin,call,neutral,2026-08-21,35.93000030517578,,,34.0,35.0,36.0,,,,0.2900000000000005,0.7099999999999995,0.16789293816462458,-0.1221070618353759,no,,,,
2026-07-10,EWZ,Butterfly Pin,call,neutral,2026-08-21,35.93000030517578,,,35.0,36.0,37.0,,,,0.2599999999999998,0.7400000000000002,0.17696633307265514,-0.08303366692734465,no,,,,
2026-07-10,EWZ,Butterfly Pin,call,neutral,2026-08-21,35.93000030517578,,,36.0,37.0,38.0,,,,0.21999999999999997,0.78,0.17081582691571412,-0.049184173084285854,no,,,,
2026-07-10,EWZ,Butterfly Pin,call,neutral,2026-08-21,35.93000030517578,,,37.0,38.0,39.0,,,,0.21999999999999997,0.78,0.1439294106455471,-0.07607058935445288,no,,,,
2026-07-10,HD,Debit Vertical,call,bullish,2026-08-21,343.29998779296875,365.0,370.0,,,,,,,1.5,3.5,0.23018362118278946,-0.3490818940860527,no,,,,
2026-07-10,JPM,Debit Vertical,call,bullish,2026-08-21,336.4700012207031,355.0,360.0,,,,,,,1.5999999999999996,3.4000000000000004,0.21449305859179674,-0.5275347070410159,no,,,,
2026-07-10,JPM,Debit Vertical,call,bullish,2026-08-21,336.4700012207031,360.0,365.0,,,,,,,1.2999999999999998,3.7,0.1682676333524637,-0.4586618332376813,no,,,,
2026-07-10,JPM,Debit Vertical,call,bullish,2026-08-21,336.4700012207031,365.0,370.0,,,,,,,1.1700000000000002,3.83,0.12930125593877073,-0.5234937203061464,no,,,,
2026-07-10,KMI,Butterfly Pin,call,neutral,2026-08-21,32.119998931884766,,,33.0,34.0,35.0,,,,0.31000000000000005,0.69,0.15958615491602313,-0.15041384508397693,no,,,,
2026-07-10,MCD,Debit Vertical,put,bearish,2026-08-21,274.6000061035156,255.0,250.0,,,,,,,1.29,3.71,0.1976117017483373,-0.3019414912583136,no,,,,
2026-07-10,MCD,Debit Vertical,put,bearish,2026-08-21,274.6000061035156,260.0,255.0,,,,,,,1.35,3.65,0.2601135951238043,-0.04943202438097871,no,,,,
2026-07-10,META,Butterfly Pin,call,neutral,2026-08-21,669.2100219726562,,,715.0,720.0,725.0,,,,1.5499999999999972,3.450000000000003,0.01861303256336161,-1.4569348371831892,no,,,,
2026-07-10,META,Butterfly Pin,call,neutral,2026-08-21,669.2100219726562,,,720.0,725.0,730.0,,,,1.5,3.5,0.018378805137769683,-1.4081059743111515,no,,,,
2026-07-10,MSFT,Butterfly Pin,call,neutral,2026-08-21,385.1000061035156,,,375.0,380.0,385.0,,,,1.3500000000000014,3.6499999999999986,0.0544820994841998,-1.0775895025790025,no,,,,
2026-07-10,MSFT,Butterfly Pin,call,neutral,2026-08-21,385.1000061035156,,,380.0,385.0,390.0,,,,1.1000000000000085,3.8999999999999915,0.057420521586055095,-0.8128973920697331,no,,,,
2026-07-10,MSFT,Butterfly Pin,call,neutral,2026-08-21,385.1000061035156,,,385.0,390.0,395.0,,,,1.2999999999999972,3.700000000000003,0.053138705123614294,-1.0343064743819257,no,,,,
2026-07-10,MSFT,Butterfly Pin,call,neutral,2026-08-21,385.1000061035156,,,390.0,395.0,400.0,,,,0.6499999999999986,4.350000000000001,0.0604466333703656,-0.34776683314817053,no,,,,
2026-07-10,MSFT,Butterfly Pin,call,neutral,2026-08-21,385.1000061035156,,,395.0,400.0,405.0,,,,0.9499999999999993,4.050000000000001,0.053993865563169985,-0.6800306721841494,no,,,,
2026-07-10,MSFT,Butterfly Pin,call,neutral,2026-08-21,385.1000061035156,,,400.0,405.0,410.0,,,,0.6499999999999986,4.350000000000001,0.05537408950908168,-0.3731295524545901,no,,,,
2026-07-10,MSFT,Butterfly Pin,call,neutral,2026-08-21,385.1000061035156,,,405.0,410.0,415.0,,,,0.5999999999999979,4.400000000000002,0.05294868675831088,-0.33525656620844346,no,,,,
2026-07-10,MSFT,Butterfly Pin,call,neutral,2026-08-21,385.1000061035156,,,410.0,415.0,420.0,,,,0.5500000000000043,4.449999999999996,0.050294124318175926,-0.29852937840912463,no,,,,
2026-07-10,PEP,Long Put,put,bearish,2026-08-21,137.3800048828125,,,,,,135.0,,,3.05,7.981277161319665,0.3147527549946779,0.42212487763523443,no,,,,
2026-07-10,PFE,Debit Vertical,put,bearish,2026-08-21,24.170000076293945,23.0,22.0,,,,,,,0.24,0.76,0.23616652499746493,-0.0038334750025350584,no,,,,
2026-07-10,SLV,Debit Vertical,put,bearish,2026-08-21,53.95000076293945,50.0,49.0,,,,,,,0.31999999999999984,0.6800000000000002,0.3089028425169432,-0.011097157483056619,no,,,,
2026-07-10,V,Debit Vertical,call,bullish,2026-08-21,348.9700012207031,370.0,375.0,,,,,,,1.6,3.4,0.2125822557246974,-0.537088721376513,no,,,,
2026-07-10,V,Debit Vertical,call,bullish,2026-08-21,348.9700012207031,375.0,380.0,,,,,,,1.44,3.56,0.1692237620077245,-0.5938811899613775,no,,,,
2026-07-10,VZ,Debit Vertical,put,bearish,2026-08-21,42.119998931884766,39.0,38.0,,,,,,,0.24,0.76,0.21575944725930385,-0.024240552740696142,no,,,,
2026-07-10,VZ,Debit Vertical,put,bearish,2026-08-21,42.119998931884766,40.0,39.0,,,,,,,0.32,0.6799999999999999,0.2886792135307089,-0.031320786469291095,no,,,,
